0,1,label
-1.9142136581435851,-0.9545015706602906,0
-0.5889803296802988,0.9246357998648069,1
-1.302039057256591,-0.3171888269661996,2
3.020770200956905,-0.8687723177122976,3
-4.528949026265376,-1.093479889397608,4
1.3018895766861416,-1.1481827777374711,5
-1.4342222050237474,-2.957844671580731,6
-0.6142395749374259,5.462184011743149,7
1.0984510571895691,-0.6658232765271364,8
0.537969864724226,-0.7774926814752996,9
-3.3787596733509586,-0.49576827378721355,0
-2.063344555098061,2.0166787609995893,1
1.9370111955552125,-1.8152465695570617,2
3.2580763941242123,2.1491242588765003,3
-5.458743723173825,0.025132347894339383,4
3.8770364900334404,2.606816017176794,5
-0.9213516393194786,-3.2622413177443126,6
-1.4153353870401923,1.9544793716281352,7
0.9265218739170071,2.2530174855398526,8
2.370963289744792,-2.9319146866452037,9
-2.0019005488471304,-1.3197461654042395,0
-1.6948779517889654,2.075387275435931,1
3.1145704583511313,-1.0589762885300098,2
1.4694184676618904,3.9103884267056475,3
-4.003333178513528,-0.32221618051077483,4
0.3767223067385666,0.5251180579479399,5
-1.2867259372178523,-3.969442985029992,6
-3.84231662721965,3.4782370430712235,7
0.16653710550951,0.9341115746780319,8
2.0144247234769157,-2.376845018098565,9
-1.5313053756999557,-1.7224169907217957,0
1.4201774580385857,-2.127393487715325,9
1.8143567013673645,2.4584272225148402,5
3.362284091623664,2.964201369913251,5
-1.7491091153748581,-2.900829746513813,6
2.115394816975796,2.035437959837683,5
-1.7397202483317253,-0.4254704298465499,0
3.172225272025965,-2.7941853400890753,9
0.2514192130252499,2.1662555860639867,8
3.089510248389767,-0.44000543292832955,9
1.6005135476114647,1.018495153985985,8
-4.728276227091143,-0.3088567723531029,4
-1.9904773017581214,1.3659039785686813,1
-2.4186130875571905,2.697415157618796,7
-0.5396152834378168,4.506220513067418,7
2.5198254061769125,-0.12294282145116986,3
0.9823184204559019,1.1493263830352856,5
-1.8219281407965977,1.5645094480789674,1
-1.597769298225995,-2.7459590280046022,0
-1.4526997038519514,-2.9671613984812515,0
-0.6830352191882557,0.5531769831478824,2
-2.0698219917725513,1.1466218697911346,2
-3.248307898673297,4.391621604323517,7
-0.3716724295787144,1.4930951325956643,8
-3.1530532117892394,1.7853172332488814,2
-2.785455341962948,-1.1732283295662953,0
-2.473959010855893,1.990779997482127,1
-1.4691306350488351,0.30649403813915027,2
-1.7935419355706161,-4.038812366982626,6
3.102016334869322,1.350714812497762,3
2.665859778573696,0.3536489875671932,3
-1.421513335432425,2.1324107897607907,7
2.5930490042837198,0.9147758166546326,3
3.9409462986753216,2.334680757048439,3
-5.377616921127359,-1.9577541490072414,4
-1.7165114926012492,-4.2616378586998485,6
-1.1476576018690137,-4.572589696335856,6
-0.10891439085111795,-4.773250201153081,6
-3.1125801047931256,-0.23672982549683486,4
2.1066401416391694,2.70705497247195,9
-2.268187233642824,0.9861437564094575,1
1.989115972288503,2.524771900513394,5
-1.3667344437942812,-2.4349252395227903,0
3.0913684251728637,-1.408421726011389,9
1.3042600038343157,-0.39916772286089736,5
-1.4190729057018068,0.8465020193213936,2
2.127571780555888,0.6834296323734195,8
-3.1046568224258797,2.800215946956832,2
-0.04119919579401204,-3.3270945642679117,0
-0.7477184340868817,-3.0425902467343118,0
-1.3311815434696046,2.596861628161341,1
-1.0900261348252676,3.7027912485513923,7
-1.0149721766924835,-4.031935949989026,6
2.5599545962575116,2.751981873224374,3
4.107514451218095,-3.1298930358625325,2
-1.9060985957004755,2.0798651164608226,1
-3.269217440132518,2.8404672460626155,7
-2.1566286549801723,0.23984825392247272,4
-1.393988343366571,-3.1252907525016935,6
2.3518863325891086,1.9213140958254735,3
-1.9886504337451545,2.502604754979139,1
4.567782629688671,3.735365702567839,3
1.6990246391603299,0.053503029682584934,9
-1.6107217383074233,0.8552619550781152,1
-0.06382135073991069,2.7383522506479023,7
-1.2676932131580945,-1.4916155284978418,6
0.8933057061828902,1.1282998744221937,8
-4.28016271384896,-0.668596577125776,4
3.5172699686621347,2.9344654671332244,3
-1.2975513209389273,-0.15834959211096364,1
-4.45145492591755,-0.8213819962046902,4
-1.9191757412129895,-3.7856905793018205,0
1.3196246874314936,0.7551003669023171,5
4.123489517518426,4.381214530785038,3
-2.2373873935936213,-1.8889402113000662,6
1.2501948754557086,-1.6458280338397233,9
-1.1786738981120533,-2.3569793407677255,6
-1.8436204969434529,2.0869631991738578,1
-1.7686239409956972,2.4022433698789416,7
1.5155815086109963,1.1467121497992552,5
-2.7830828862391748,-0.2979422389514846,4
-3.266667068056796,-0.40502385152999265,4
-0.647083919636194,2.9085909854264473,7
1.5585615419251238,-1.2268932296698911,2
0.021564010615272924,0.7098242125896397,8
-0.9441286368114531,0.8447723069531528,2
0.7593415387573355,0.15784802950986757,2
3.2471940505977717,2.6114529433186933,5
-0.5660509193427947,3.815718306063602,7
0.37003290265244476,-2.126583452060785,9
0.8159705173487761,0.8330525176678298,5
-2.950597045178219,0.7159746274177791,4
0.4493054889702284,1.550539139313737,8
1.7221510608778734,0.08752282500439078,8
-4.4468123642068225,-0.4682734501297884,4
2.2283819548224044,1.054431270182544,9
-1.8177121665607145,-2.683642673080386,0
0.3571745794505487,1.3546461047815548,8
0.13024517296585797,-0.2676624748590853,9
0.7586125782680117,0.8074550411614722,8
-1.3716417359982616,-2.557661796296125,0
-3.4790733949189283,2.9759312432573095,1
5.060510973262091,-1.2982036929709306,2
3.21468421122134,4.469425787516962,3
-3.9211644786195894,1.1963551338412823,4
4.398510521069998,2.5606776056944445,5
-0.5729535630856114,-4.825149015121746,6
-0.5239546384151182,2.590586248687058,7
0.6661215440975201,0.046005507406095186,8
1.2775349137105492,-1.4438551342693569,9
-1.8647527605346264,-1.5888992809402605,0
-3.2633590295128294,2.9879674454172536,1
3.446758869276252,-0.07318746885987588,2
4.733410415913246,1.8253869928613575,3
-3.4479168469664856,-0.355880391952954,4
4.193263918549777,2.526623949431161,5
-1.7244348866800254,-3.812993198024061,6
-0.42921670967146847,2.087408098761331,7
0.29936718489068875,-0.8785323662645257,8
1.19466402005245,-0.4309708753265594,9
-1.1452965086258118,-3.7277275638041423,0
-2.5985199123748766,2.778911620003929,1
2.6330317063513164,1.1851479789884865,2
2.230354364506632,3.7997979125029357,3
-4.162613979028714,0.5403932043612717,4
1.9213221872604878,1.0094430195187587,5
-0.6357518716741587,-4.196043234726023,6
-0.5906120630977887,1.5043269704540863,7
-0.807761679640468,0.5754049836425098,8
0.9725440083958827,-0.66823591644897,9
-2.857180808352482,-1.4257422178931027,0
0.3131865439549632,-0.717165771422599,9
3.313279195943036,2.0644284971290894,5
4.221720378790143,3.1180239874393667,5
-1.1070730969695217,-4.560000031107018,6
2.8748751723934483,1.936723953246124,5
-1.869107712017066,-1.6035939730243642,0
0.2712177119712446,-0.7191863349049706,9
-0.2931647280076376,0.2799227986801283,8
1.6630481153041214,-1.6941036674789727,9
0.3068764358337326,-0.0031158196292880567,8
-3.1136488386736167,-1.0234290310931193,4
-3.2981145860325705,2.7656966011993567,1
-1.5794020271688127,6.015203692724125,7
-0.9092527216487415,4.53497827435057,7
3.207217598242828,2.5785260783670116,3
4.446870042238229,2.24583912885544,5
-3.48762443469761,1.9992271840706248,1
-1.3497781085656726,-3.0071187849934002,0
-2.7482779067614733,-1.871890979411176,0
3.8127864169579055,-0.6667543021152473,2
3.79596194263771,-0.22521511724627985,2
0.032673300912378606,2.8602942378576484,7
1.3408435321912424,-0.8219696759056294,8
3.021730626260588,-1.9390502311239621,2
-2.6783223296539482,-2.8727199128329852,0
-2.79773413460965,2.626596922726466,1
3.1041245160921673,-1.5323965659536956,2
-0.2820708904822199,-4.297019005356401,6
3.772919161779562,1.5737617784052687,3
3.2928246289469114,1.0541845572572417,3
0.057838389519852096,1.2533593036001487,7
1.5898924857267873,3.612965813063561,3
3.6060463026771896,1.7038711382153395,3
-3.564117032593497,0.06037472088002666,4
-2.2160070333535264,-3.4619713946576782,6
-0.9422001477126901,-4.233838139079708,6
-1.5066061332503824,-4.479249755372259,6
-2.6562896719021434,-0.6590617020284812,4
0.7849773990183657,-1.1825361769020424,9
-2.59242145768568,1.5341262165202025,1
3.451509401200739,2.5750923205376215,5
-1.6149512013504654,-2.869351042389461,0
1.4221274238974886,0.714726265779222,9
3.6930653513456067,2.006859093713569,5
1.3702575731063973,1.417868429368761,2
1.5657424707607532,0.3693598979845789,8
2.2316916705249876,-0.06786390936167334,2
-3.5550046196714664,-2.1575174007106894,0
-2.4832380376856995,-3.609047863285243,0
-3.318615167458139,3.039440571060508,1
-0.3100900456472297,3.3024529810447754,7
-0.658821894504424,-4.826142313603442,6
3.016544176060907,2.736877620442684,3
3.3761491812108875,-1.1289355216876906,2
-1.785365219409838,2.013185598442348,1
0.26603849746190006,1.0845764181844741,7
1.890175527761763,2.369447446124005,3
-2.943784347087838,2.5214267197854165,1
2.7798936876894422,2.3578939259747544,3
1.7032787378492578,0.7396047208587097,9
-2.5471081855969135,1.7527207296419542,1
-0.8888629252707129,5.20361119965001,7
-1.2241386971067523,-3.545704379806018,6
-0.50685484461204,-1.3125089545980786,8
-4.023775486227138,-0.9256871254439061,4
1.8801513537904626,4.635721152648681,3
-2.594011855111239,2.3910149383766055,1
-4.298153269698472,-0.20479555209372904,4
-1.4790128320815201,-2.6981865148003363,0
2.9037372014872807,1.8844975854023922,5
-0.14720035947424828,4.887769995961099,3
-1.9469777996526754,-3.867835658017445,6
0.7002071457134922,-0.761436679354505,9
-0.4107583638711512,-4.93783379670629,6
-4.013966885659072,2.737042969405671,1
0.22193314137034,2.6232574392493815,7
1.4458529673896905,0.7596315982705346,5
-2.771328155268921,-0.9549358794558345,4
-3.9267312392303992,0.4620899192453704,4
-0.31356983592803594,1.3304179398248026,7
4.217044578084213,-2.6868148331933557,2
-0.15779628781709865,0.6794909513354365,8
4.153918126948891,-2.0201744357913336,2
2.3685657053545754,-0.2819584450053159,2
2.5837743881266193,2.0753460463816094,5
2.8979634943637596,2.1818613698619376,5
-3.943558008835597,0.13532981940093344,4
0.1167926600390761,0.1523979683465883,8
0.6421820765692743,-0.27835419393989874,8
-3.9090283106184702,0.05067617325512191,4
0.18496944638667653,-0.5921953724123362,9
-2.251716223549498,-2.8812182640851227,0
-0.049789995596750056,-0.5789095191750893,8
-0.4980309845432091,-0.19422699362998905,9
-0.0041840515520765904,0.269602625883654,8
-2.7195038012382713,-0.8883453101752329,0
-0.3557315015368185,0.7097781256813334,1
3.653464842036758,-1.2312516175507122,2
3.6359519268532856,-0.8369336925875216,3
-3.6201578648584,0.19166817144707388,4
1.289406779029473,-0.2315401239574841,5
-1.0005288988461498,-4.110414298980549,6
-1.7437334906454576,8.399937804948204,7
0.9605094375168381,-0.07437909098139318,8
0.2916367505743797,2.8788813927200376,9
-1.9640184814594566,-2.2748705969010032,0
-1.573334205308013,1.5469887048985815,1
4.405860040390844,-1.488406753885388,2
2.332082932668272,0.2788688233860546,3
-4.533938155073187,-0.3120773560136654,4
2.383208359458395,3.7956604980543975,5
-1.569974986285185,-3.9820370053512875,6
-0.527937557937004,2.6894768797028505,7
0.13334645285754063,1.3855558236017422,8
0.007474603982307589,4.482103620779459,9
-1.2361365801949324,-1.380963653855274,0
-1.9967702971081114,1.001173315965891,1
4.860862587640891,-0.8241814352433809,2
3.385429359277747,0.32081343290161685,3
-3.4045512456609233,-0.5113762794773943,4
1.2889883270707383,0.9676494856317024,5
-0.9649591923775988,-4.604602360292488,6
-3.6183894464319244,7.593704786336956,7
-0.7142090853463379,1.7459131479031018,8
2.0066579700434755,0.28978289400054164,9
-2.4832653397799422,-0.18289617631954871,0
0.6832638241832302,-0.9764345272199204,9
0.3166689984061151,1.0944344449118466,5
1.4084983062512588,-1.5473622892531624,5
-1.1646882359634212,-3.659084805036154,6
1.8557524904648566,-2.247533305490686,5
-1.2460062899824174,-0.2326129946450988,0
0.8373498670148575,1.5750787304229708,9
0.2796968516095367,0.6580184539747453,8
1.0766123648061718,-0.4948204781135751,9
0.18545717963327643,1.213736382514767,8
-4.878694624260102,-1.0802347155945686,4
0.41027869270611184,-0.3537315996469848,1
0.6134417230552972,2.7946600015224115,7
-1.9328156259512213,4.618114962936343,7
2.7678011880587303,0.20883766742335058,3
0.5987003729288592,1.518112530039674,5
-0.5348131930512766,-0.00977675603898018,1
-1.4208366837839619,-2.5388536233543824,0
-1.3536239837691804,-2.4093184383875883,0
5.952252045985605,-1.700606566436372,2
3.198531650114234,-0.5804040530846776,2
-1.4362677917403723,5.29648483561596,7
1.0343281645126448,0.2800694795108532,8
4.156840010204545,-0.3682050066844174,2
-1.6005344160809125,-1.7707480175558374,0
-2.504675114689324,2.051815948517451,1
5.938322900408625,-1.8259510326174202,2
-0.075146109408563,-3.990013336999955,6
4.8446665821760755,-0.6772310884576036,3
1.9902026906074326,1.5289201590127364,3
-3.6221211045235884,8.77757701761958,7
4.202572430014437,0.7153121732666703,3
3.4674526201945124,0.4889925394368291,3
-4.966988630656863,-1.0682203243891053,4
-0.5805308885923783,-4.5046188291224345,6
-0.5293253904848217,-3.9739601899647647,6
-1.0226140709221865,-4.99284706937218,6
-3.515419862427447,-1.7546225285761932,4
-1.1721933846593169,4.225633269083843,9
-0.05157524065941379,0.33912696602306847,1
0.5134913629252433,-0.6030278975531164,5
-1.3198774872659775,-1.6945220376754655,0
0.4311827292045062,3.5159319012056067,9
0.39030642886838535,1.1547346012699713,5
4.960158707540605,-0.5941903698443679,2
1.3433379581958964,-0.8115095355677489,8
5.68616883435184,-0.8098342103287747,2
-2.6376007025988413,-1.6660564827547053,0
-1.0484973851258963,-1.2621956416315525,0
-0.7589776152982075,1.8154681094551255,1
-0.43473616509668206,2.5502437878683604,7
-1.8265869547030942,-3.3488725001988207,6
3.023448706795894,0.20161184234223697,3
4.149804159632801,-0.016355503184660853,2
-0.6020552972616978,1.2898285492400765,1
-0.5024040626731889,2.426477185627414,7
-3.9702590982864354,-0.15037006513378723,4
-0.5790904241170384,-4.51200556018677,6
3.2190026626731196,1.5647744428578632,3
-0.6131572908598292,0.9461984876268752,1
4.356565618418409,-0.3634207020128343,3
-0.6318138186047157,3.468359535514581,9
0.34921400590509527,-0.06155497924245971,1
0.9300197914452613,1.9833713816156298,7
-1.1155347736133752,-3.8210184649286694,6
0.10992641251737881,0.9513356949009332,8
-6.054030383999735,-1.749471246239262,4
4.0103547980912895,-1.2086837751593138,3
0.3077926069541676,1.6206192340267884,1
-4.079767900150433,1.5796884914623184,4
-1.4971127031091251,-2.971254951330958,0
0.39813099886004905,-0.15112522982750073,5
2.602438352924841,0.26584674835649785,3
-1.3768461242296106,-4.459903716108863,6
0.434176676664502,3.861191067777795,9
-1.437088885756268,-4.198377750455307,6
0.15337778919445139,-0.49098122097093444,1
-0.2189098967708058,0.9473532823310545,7
2.5503581187824946,1.308219049485836,5
-5.122418806099178,-2.8117732298343365,4
-4.714074447403117,-0.5174232672776194,4
-0.4608546271770282,2.738740621628895,7
3.7655521560505436,-0.45617157707515343,2
1.575352557596338,0.25279474612660524,8
5.383100651505669,-0.7823931455613254,2
6.5013092901886615,-1.0058657744216435,2
2.23978044060403,-0.675138332934692,5
-2.43851306132604,3.804320955254219,7
-3.2671574094670373,4.049988755508275,9
3.9721678360217587,3.089574958221229,5
-4.6059492663322,-1.2013804778537274,4
1.8601633334099446,-1.6788059582734118,8
0.2137118095781386,1.2993530278023016,8
-5.005697782837198,-0.18786910433045742,4
-4.218607969873806,2.874642514499019,9
-1.300545005960097,-3.139778038966247,0
0.03963034740945738,2.2858412797646643,8
-1.6039616531993108,3.2285503256752475,9
3.5553975888307403,1.3386923752654836,3
-0.06755057932862012,-3.1203338486835186,0
-2.273626714315759,1.744055767380718,1
3.4893766584788044,-1.3233832426720809,2
1.917866683133231,1.4947786264335623,3
-3.37404319983469,-0.8620449246470123,4
0.9366689475435768,2.6162032729466502,5
-2.5389397858230924,-3.0946057160300295,6
-2.8427574150662025,5.4058970886536954,7
-1.2969190774279573,1.6238229261459804,8
1.5680937906362318,0.10476778469646547,9
-1.7787672726013866,-2.1874177636723964,0
-1.3550528518761724,1.2265447764995938,1
2.2980927571795946,-1.8895749256240024,2
3.7224312178588095,-1.5794486029704946,3
-3.3383487255489994,-0.6732999984016854,4
0.49255087983788215,2.3835967515568504,5
-2.295350857278397,-2.029062883732468,6
-3.6146450274621,6.236037269408529,7
0.6218666042060287,1.574069364514912,8
1.1234099975021774,-1.5571594317015036,9
-1.886957363239023,-2.4776764803401434,0
-2.7993975313349746,1.7863408062097388,1
3.090623729732723,-1.5578112207936843,2
-0.12624262010579537,-1.7850928141005031,3
-4.2110576086675096,-0.17084989760006816,4
-0.16033663403983156,2.6093741573571356,5
-2.179639336626567,-3.143826009391938,6
-4.126314022880179,6.809998175151895,7
-1.2822526599921893,-0.2812345711991988,8
0.6527131291703124,-1.1330427519398762,9
-2.638942387015847,-1.082741318017901,0
0.4130619997048825,-0.9269544518004801,9
2.536025587923591,1.4129976142574452,5
1.1497856473174506,1.3036710121459627,5
-2.353721952858207,-1.3863790496520338,6
0.377457362370099,1.97828790398452,5
-0.9295859555681465,-2.052128213252451,0
2.3486549027892694,-1.4774675391388796,9
0.7527532844853859,0.14739144620125327,8
2.4157684849730927,-0.5872966191006471,9
0.9453911481742183,0.2517187345596929,8
-3.957245070072632,0.6779797018473315,4
-1.9722149734977843,1.1971280708883547,1
-4.594671924475791,5.681377344943015,7
-0.8807766183907241,6.424440637935464,7
3.3411194895278014,-0.9567405856156658,3
-1.0302526840595005,3.0563190067319495,5
-1.2004718538660057,0.619806946495934,1
-1.611594490474817,-3.3167629628612354,0
-1.9660018565465684,-2.263896873070361,0
3.989833809670397,-2.3337372300359935,2
3.5426356180044887,-0.5484709699039523,2
-2.74580211894972,5.457205074554539,7
-0.348591092043998,0.659405892742197,8
3.6949942939895966,-0.815720611440231,2
-0.7208540208720593,-2.5178234171935143,0
1.7170722960626743,-2.151914568612789,1
2.706795585861763,-0.4601053487981223,2
-1.161742340601581,-2.763951001501041,6
1.2331122354893342,-0.5236037527549868,3
1.6631099493271508,-1.8722145106592798,3
-5.559600494261653,7.933400820140011,7
1.5898256468970093,-0.8647346254420504,3
1.8212329987589733,-1.6415797404923465,3
-4.420171315047598,-0.5654046818144394,4
-2.429935625979339,-4.037150173504239,6
-1.7627993279090943,-2.8555598300150775,6
-2.108066524055742,-3.6656885142255273,6
-3.381614008185938,-0.7116066914161069,4
2.475656914268191,-0.23689954021346554,9
-1.7444884168555093,1.6288967512473929,1
-1.6421838641697024,2.3377628196924847,5
-1.9156709036122364,-0.7133793751522997,0
1.33846869927414,-0.4901582906979921,9
0.5853551794651811,1.9537127523195117,5
2.859883854982331,-1.5757117868301511,2
-0.22632395640356912,1.787815978341769,8
3.666136154729316,-1.1816149946557488,2
-1.9478259257339094,-1.8373463158797478,0
-0.47316898793193224,-4.0484489113268,0
-1.4275996087201013,0.9119873017652136,1
-5.289640165621011,6.246802420719214,7
-1.8184270676271816,-3.705157861383159,6
2.258636157351772,-1.9759836575859369,3
3.2074404787934676,-1.804155422628681,2
-2.176511322754934,0.4589649780258821,1
-0.4369949231966122,5.16323259682362,7
-4.1064445016620414,0.15899558217251936,4
-1.3016936791648293,-3.9322494595800817,6
2.448240640756121,-1.7343400259534416,3
-1.2799807525053128,1.393618927703769,1
3.4681553588844207,-2.117764602927388,3
1.02834721640412,-0.9557948967187138,9
-1.506370098237575,2.089503728328855,1
-1.4335445906400692,3.1086238044651826,7
-2.124068179859308,-3.5047833268884565,6
0.0078072618189761155,-0.3237805280075924,8
-4.086921071924122,-0.5908640694275928,4
4.223618998642296,-1.2386469015605364,3
-1.1248656049671186,0.4145055920671707,1
-3.7850327995083934,-0.25385859916642833,4
-1.6527282829518,-2.8728022426527113,0
2.23311464131835,1.9747264589301905,5
1.752534075064273,-0.9434518019630724,3
-2.5703843705873983,-3.5260017256736007,6
0.9553445319101235,-1.9299776526223758,9
-2.9422035521099508,0.1007886369624386,6
-2.479911383914598,1.2782941862410666,1
-4.507753466949481,8.146090459012758,7
1.6925330064787527,1.7191431251179057,5
-4.1251568980478455,0.43770752213291936,4
-4.280318666318115,-0.4948880839281664,4
-3.2452413563009226,5.430969466606478,7
4.127339613074518,-1.7193481902402366,2
0.7978331897601708,-1.5129642488296258,8
4.339520676585463,-1.2201403261277504,2
-0.571122570152281,1.2067915047433608,2
1.100962873806447,2.256694904770692,5
-1.3109664103320735,4.7893303182104505,7
0.6364054362798177,-1.215723400720505,9
-1.5641937316424042,2.0340908657012458,5
-4.332000983271379,0.24226465640962233,4
0.4170745279138201,1.1684205801653473,8
-0.030125627388796757,2.2993872667667494,8
-2.742864262534854,-0.6536217987731276,4
-0.9946411915886848,2.244328241172278,9
-2.130767942339519,-1.6677548492915453,0
-0.05989218883382252,-0.0033951749468883034,8
1.0654305071992967,-0.5149499984170531,9
0.8972693580926578,1.4865374044959287,8
-1.1826797849221626,-1.3929669944943057,0
2.649746017036071,-3.4627035198938003,1
1.0732688526252956,-0.842837860217562,2
1.3049798397916,-1.8416969801940508,3
-3.2223021159672127,-0.7362740110178478,4
-0.8521104491890786,1.1135546343740055,5
-0.8565654222866695,-3.56986780822919,6
1.06195871150965,2.8650688410675236,7
-1.7648669344254093,1.2005170813862711,8
-0.27041836732957936,0.04434984638496337,9
-2.1374579433909675,-1.6003258432990057,0
2.349813246440496,-2.741169960065979,1
2.0071573212691534,-0.8728598752345124,2
2.4441222878972497,-0.3097272694053043,3
-2.121802720616558,0.23637499827555936,4
0.9057390732682142,-0.2687018692036677,5
-1.325907150032746,-3.0261943409851075,6
0.5734914894210456,4.649679948279405,7
-0.21207645261609542,-1.1716030887386992,8
-0.7499116102507486,0.17255797341223783,9
-1.1077555429149903,-0.30231863282582344,0
2.459965133504392,-3.07429186481327,1
2.3264753851478273,-1.8432165462553864,2
2.048678013949544,-1.0011691073701963,3
-3.694860343236287,-1.749619976715563,4
1.7684918120749866,1.1787690741688606,5
-1.12307805479697,-4.4485843095508955,6
-1.8835285514085982,5.738935372305375,7
1.1046626352028697,-0.7652667918557658,8
2.145532508968848,-1.287511659169642,9
-1.671906718744465,-0.9950739822676061,0
0.12171271714371076,1.910750499889345,9
1.3590656772766807,2.5072379606834887,5
0.8575500448804645,-0.8011237441597546,5
-0.9163517890458485,-2.928039414414243,6
0.08042687989208636,0.5925964806704275,5
-0.7903084952805988,-2.2294045991436193,0
1.076071180009457,1.0268883572365668,9
-2.012864508485747,0.30504176176051945,8
0.355941022525018,-0.3999536048907622,9
0.19463894388793196,-0.8987594761666804,8
-3.7991261831067193,-0.02089097971468718,4
1.9706819218413636,-3.9293835303104148,1
-1.4863130406314897,3.197706690113472,7
-0.6350739490400197,4.512068962498831,7
2.294644213204958,-1.4205170247337258,3
1.4337558813281364,0.6318840134473782,5
0.9395126606665618,-4.0121024713311675,1
-1.2738127556326995,-2.2379462942464103,0
-1.2402761496620256,-3.4222787296993697,0
3.443736231040722,-0.5819510464771849,2
2.7145146991463727,-2.1358308706930687,2
0.3002313202087265,3.2993189687615105,7
-0.6326692020898983,-0.7809678045081722,8
3.5841923132747837,-0.5418441300810017,2
-3.1654174935130865,-0.4995462814224918,0
1.9214668594382025,-3.800980103275147,1
2.815408272371469,-1.6184617643724832,2
-1.4515480991518444,-2.205515577511982,6
2.3211375810016883,-2.1605909772241167,3
1.437743069523558,1.1082244743551564,3
-1.8206858912567314,6.1451958406284755,7
0.8460176985069449,-0.80420349313503,3
0.9402342184871928,-1.1929934644198652,3
-4.599146011415298,-0.39376701725532576,4
-1.7305230100876525,-2.819041405651727,6
-2.126346848844655,-3.5273389252328755,6
-1.8232541959976025,-2.602977778181159,6
-1.9151015824728284,-0.1815645943366275,4
-0.7849786707129975,1.2223886261170436,9
0.8087613288712718,-4.710886469978362,1
1.4144783445759053,0.4248120638945843,5
-1.5397278514912742,-1.826579435993889,0
2.281364582174873,0.20220974063287334,9
0.25229805892647916,-0.2750770626813845,5
4.007303413172952,-2.004345059216216,2
-0.4394398278841374,-1.0581729437692113,8
4.483110804519399,-1.6341467030374708,2
-0.657647584508562,-0.6018631307619743,0
-1.2951365696827182,-0.9010281077779217,0
1.585628885207809,-3.901524010693464,1
0.49533854826242085,3.5505246780001203,7
-2.080575216928362,-2.264311657867146,6
2.6976909039317087,-2.648178912772756,3
4.184929070773727,-3.8410526235469096,2
1.7947380955815457,-3.3935891740257906,1
-0.5330658130780882,4.235411342420638,7
-2.6692245191081487,-0.7136556335477822,4
-1.8156861600829286,-2.1596657733790967,6
0.8339402444530993,-0.671472099047991,3
1.259026970745707,-3.6190421928448218,1
0.5511641212465166,-0.7574880883802562,3
0.4765666080112533,-0.7378545108380182,9
2.558927697191809,-3.873001139913549,1
-0.46497541024492733,2.859149775700523,7
-1.6225079958730912,-3.9055769660569415,6
-0.14962825301293847,-0.8788689982422396,8
-4.26293645075108,-0.4284495984351476,4
2.8495961840376904,-0.8429995453931494,3
0.36599230445186787,-0.4007112949363742,1
-4.203024874076079,0.22522741190993875,4
-0.9256336471509553,0.2752506313724024,0
0.586567254537708,-0.7204971965419849,5
2.262161918202326,-1.2880208967174027,3
-1.1656700074956572,-4.092842585673172,6
0.32679971831271254,-0.9795253919767424,9
-2.211364792904394,-3.0133791782869137,6
1.4385489069968393,-2.4796689439198927,1
0.12460148902926177,3.65071289961484,7
1.4687745833690877,0.9944426914696969,5
-3.664325928930848,-0.8797816070601907,4
-5.374128235551468,0.07081678345480556,4
1.3510496534209173,2.1756460703920046,7
4.389706461181957,-2.3504983549898193,2
-1.805539813652749,0.6697941848081115,8
5.39635586777026,-0.24261741181993468,2
2.9837159641653748,-1.7891452962468546,2
-1.4293457229064672,2.7963500472697893,5
-0.4235193969267348,5.079562984338892,7
1.9651667200418332,-0.4017589134972464,9
2.0223017528651246,0.31766132683951265,5
-2.199414010398341,-0.7912077749393438,4
-2.0995537029199034,0.9320062600117698,8
-0.43177422857682285,-0.21262560978490327,8
-3.1637118754353857,0.6661696924974168,4
0.8827958371078088,1.090752532944993,9
-1.6126173482344024,-1.454480734535348,0
-0.4291799161881076,-0.4971697627649194,8
0.4937397730780668,-1.096924203219323,9
-1.5499800958594458,0.7185373838897323,8
-2.2951913720551835,-1.883633043293897,0
-0.5576836338100014,2.0269122492123723,1
4.474138803008726,-0.639503211974125,2
1.3744097912908724,0.5892030477311216,3
-4.75393576660329,0.24139217953485334,4
-1.3531552365043304,1.7477409254087908,5
-0.7606666346739519,-4.650297824523499,6
-0.7232694247637685,4.09687092301725,7
1.3732581599746472,-0.32314023337877135,8
-5.370443836688077,4.9957107348533905,9
-1.4130963465396154,0.1686581765444283,0
0.12852592167285695,0.0037593823782798032,1
3.287598844934251,-1.1172260632467608,2
1.8295232986021832,-0.6416891297274183,3
-5.435142363593708,-0.5035620841632704,4
1.1649878795317552,0.18008241069997788,5
-1.5794588398682088,-4.361461550559109,6
-2.6389505771963813,6.787732092132337,7
0.7092224750028966,-0.14447899957625346,8
-4.290586275805058,3.242607142546578,9
-2.9297372290629995,-1.8293338357188582,0
-0.6979547026906154,-0.9089868010282156,1
3.729851241622274,-0.43648188666652665,2
2.4284196475729916,0.19955994082691042,3
-5.077537270689429,0.7202561748474059,4
1.8671338961347264,0.4953899629617257,5
-0.9466104559297133,-4.149461499460671,6
-7.033595899462282,9.86103142278529,7
0.7238549338586623,-0.46787939349503366,8
-3.612847615389445,2.84468862724501,9
-1.999582441197731,-1.327738577727046,0
-4.493854614894317,2.6739411127119035,9
-3.8056773432765283,0.230194067262976,5
0.3952786216100929,2.311328185603953,5
-1.9186716226279805,-5.5434139307344905,6
-0.0870311699504255,1.4625640480606494,5
-1.7796148845974469,-2.3262706429247237,0
-3.166956600322401,3.836932481208966,9
1.7710114467590106,-0.3504105837997015,8
-4.086715973433411,2.731598577612527,9
0.8566153711817599,0.585919957362898,8
-4.470236357763707,1.3429874003957158,4
-1.640639122230396,3.704265812428148,1
-6.862760846343174,6.70470064525544,7
-4.438750376082805,5.146803348080654,7
-0.16925450972654388,1.1465722332840012,3
0.6170289864001298,2.0908830289194755,5
-1.916708229496388,3.054295455155365,1
-2.9253318926191225,-2.459098255900399,0
-1.384431793736665,-0.3974459817688341,0
3.030597315033073,0.5634313652784463,2
2.794652732192789,0.30032804391665524,2
-2.546879961785796,4.616350188862535,7
0.7398124507236982,0.9569221446876813,8
1.3881858932767057,1.3812006661778133,2
-3.9052029507621464,-0.5151565975895769,0
0.03067987642295357,2.1220429557894307,1
1.2253790802074178,0.5345161225317225,2
-0.5924030782855336,-4.514784234858745,6
1.963314658302462,0.7095319378057201,3
3.1128272193102626,0.7307763466951027,3
-2.4635636702943353,5.011825730292751,7
2.554333596981525,0.3300184511657784,3
3.1382620855086034,1.4721765392811845,3
-4.541117298674047,1.416157027377641,4
-1.179187723342733,-4.48244381943371,6
-0.8376131302498375,-4.321954541722529,6
-0.8289973558705456,-4.315533296286244,6
-4.5460703671368705,-0.3411939235842883,4
-3.9055514231994772,3.6454898999798395,9
-1.5671574373945005,0.324565258894796,1
-1.4942756987956276,-0.10606160111679173,5
-3.3601756230821445,-1.5473819587982804,0
-2.8811025212707406,2.035153142695056,9
-2.3300696490153143,1.043248113210673,5
2.619913084786259,1.3886270162131324,2
1.05703152537547,-0.6731719481429358,8
2.4611650710865787,-0.8869694229563101,2
-2.451178228465608,-0.9134838389237472,0
-1.8220903438834568,-2.4669553286907604,0
-0.7597613480919376,3.2171684304975567,1
-2.8333190363588447,4.301787972281591,7
-1.438661955830437,-4.198421073259656,6
2.0888413688890894,1.333995891942553,3
4.076190960733883,-1.7781106004439504,2
0.10059537564867294,1.3375079445882647,1
-7.3722773098227075,8.912614560548104,7
-5.106376860584987,-0.4156581174566907,4
-1.0169475393696106,-5.2417819114792925,6
2.5884037553562784,-0.0034994769840061717,3
0.1942627686673832,0.7825806714300977,1
1.2410740281483719,0.29103440461212593,3
-3.514848245442719,2.93717709470748,9
-0.9101741893201292,0.9374205231048778,1
-3.671739273122137,4.374858666390449,7
-0.8076894147610327,-4.8543787819596185,6
1.1618069618402787,0.5130249260496432,8
-3.9578207274685373,0.30994339746823546,4
1.8356662398905323,-0.35668747117622585,3
-2.088202305929025,1.7091533981917868,1
-2.078057852122652,2.2686111391129917,4
-1.6324335743801004,-2.46768312650611,0
1.5626725998560804,-1.0119426395344475,5
3.3873069406565843,1.017094633091289,3
-1.910815338986456,-4.579911259695867,6
-4.953095146356415,4.487213252614697,9
-1.0855691843545694,-4.251437567159652,6
-1.4330839011084007,2.500212848502745,1
-3.66885315738023,4.766206898317272,7
1.034101314060419,3.246603388217295,5
-3.1272994312883298,-1.1579360351271502,4
-6.328172634074727,6.466315171479843,4
-5.114939634752094,4.144009567388615,7
3.3194137394717456,0.7120818803612396,2
-1.5053297325645227,1.1467005326315327,8
3.2810401753227905,0.3230853630825118,2
3.7857834043151977,0.10494683853144011,2
0.6496681097718279,1.139049184866862,5
-0.33501286953299303,3.782585082301244,7
-5.409471222009907,4.915026941783955,9
2.6607823525225966,0.5397307473248083,5
-6.0367951700499685,0.6161856919302195,4
0.47319968607649393,0.011678337795043684,8
0.16525932999272888,-0.5972601959496283,8
-3.6528431842206035,3.248463279498221,4
-5.311010831688107,4.410434005067478,9
-2.2347496556206563,-1.1249494741436799,0
0.8480753814983233,-1.1695691014993914,8
-4.06793304668401,4.977883243374148,9
-0.23922250781874677,0.44618040063979564,8
-1.5102550175524994,-1.0120682658018434,0
1.0123103916866,1.381588894528245,1
5.259848402588529,-0.74455045224673,2
2.0939004457437376,-0.4381008844399331,3
-3.973229229146724,-2.851746301030434,4
3.193308540932183,3.953045459279553,5
-1.6799001490148853,-3.8786657364660293,6
-0.26067012966062736,3.6066842708577953,7
1.301354424651325,-2.6000834096352046,8
1.6910715398752443,-1.4933002879783357,9
-1.5916524946780481,-1.8426302310431317,0
0.6684871160563145,1.5266570870275558,1
6.790878182266526,-1.3393286073454642,2
3.9025677929154923,0.2738682154826324,3
-4.742110569904042,-1.16836292737809,4
2.6334024789754125,1.9449203588832351,5
-1.9013164611217679,-3.1805682380483145,6
0.7177792165734974,3.103899023451361,7
-1.8965862946467593,0.11803364323868247,8
-1.0930419828627629,-0.10806842460597503,9
-2.2144092581996477,-0.7099317438111131,0
-0.020046177701359347,1.9983144793311274,1
5.546472509392024,-1.2873031022423935,2
3.925047127149942,0.11832237546832755,3
-5.505335455003248,-1.9582779400741475,4
3.640470270082828,2.205892361733799,5
-2.0084284180304843,-2.704134203328105,6
0.9507869594719389,3.3733401656919035,7
-1.2494573825673618,0.4064251633878105,8
0.02063949783355192,-2.206408780010987,9
-2.2975841430425668,-2.482913276050913,0
0.6774969217383181,-0.33929320409211167,9
1.9228449108455516,4.24518419173344,5
-0.10445594850177019,2.6403110710890356,5
-0.9440369028970615,-4.433704444348527,6
2.7117414381427984,3.7949131108846523,5
-2.3585899459523607,-1.7689589245009287,0
1.5672206367126622,-2.2027213952134743,9
0.8574903924990435,-0.7165305089806306,8
0.25914579978731545,0.848174181195307,9
-0.015666596907493436,0.5506110897796457,8
-5.632374240335419,-1.2979071108018976,4
-0.8738390075431335,-0.5631162000840532,1
2.159606944649971,2.4061723304359566,7
-0.5925900323249617,3.9153618022473737,7
3.1228090135261133,0.6179779513504126,3
1.585400745122339,3.4240398415176476,5
0.5955919802040585,0.5861513353848696,1
-2.1043931876993027,-1.8157058747677923,0
-3.192558584673908,-0.2906206329437825,0
3.8074994257816637,-0.07046292701741079,2
4.401853255365595,-2.712090981484665,2
0.9113112059157913,0.8675900748501878,7
-1.6754316149219635,0.8003214660589889,8
4.763375990446747,-0.6318313766107283,2
-1.9627656206193584,-0.9404558555088898,0
3.162120521240623,-2.793522279733472,1
4.586305783024984,-0.9951350088642273,2
-1.5353459711454378,-3.480119439304858,6
2.8362836626544183,0.7232919593236343,3
2.7812002332836174,0.6668126012093177,3
0.8333148395342551,3.4047439658245184,7
0.1079897958672304,4.0955805072988785,3
1.0812378759536396,2.8978330205065084,3
-5.588817759662521,-1.0890813580318894,4
-2.1589442086976955,-3.6214162259361133,6
-0.9855115278762038,-4.220205630039702,6
-2.2546306637291176,-3.3110829071316523,6
-4.502331205733718,-1.7206163734950624,4
0.13220246079853554,-1.0569767665054257,9
0.13267809430550445,2.081423091033058,1
1.2661469168346453,2.1759689646598237,5
-2.6904313690173196,-1.61171185093012,0
0.32589021828646453,-0.3441679722851705,9
3.045294736307037,3.0011435489309894,5
5.4550403609208145,-1.7699765371014422,2
1.0317117875538098,0.8015308793628058,8
5.082930869096725,-2.194192339511694,2
-3.2967635925098024,-0.39258901536808416,0
-1.0521161296800874,-1.906860985162541,0
1.6539812780220564,-0.8775677283143771,1
0.497486504140096,2.6339730414078555,7
-2.279423517055963,-4.453343017849461,6
2.6634531034419675,0.7349998924424316,3
1.669195294199663,2.3020775836350085,2
-0.08870188852374601,0.6849311124860751,1
-1.5201635294107283,5.4440802137288955,7
-6.356951901733588,-2.0289235460575776,4
-1.2583114492810283,-4.057547246702169,6
3.9096140491991047,0.11990685540311836,3
0.15591580875391114,1.4311421488410874,1
2.5699351435715845,0.4775248811411705,3
-0.1027250194139944,0.792606013725688,9
0.2926824266499714,0.9139413902784859,1
0.6650128481486043,2.1715665728125395,7
-1.266359802270155,-4.160918881893651,6
0.8197425023576437,-1.2107262758735886,8
-6.117005488038563,-3.090613072679124,4
2.107130213279806,-0.38697373509404875,3
0.6522128206505046,1.2885419551928678,1
-4.18989287265335,-2.1315010625221866,4
-1.0833000694830963,-1.5472549623713998,0
2.152894741985277,2.9648762048669046,5
1.9831880350309292,0.6407294354929668,3
-2.0508763275288735,-2.4618108068124176,6
0.44474547873678183,-0.7688394894785385,9
-1.7530485122873112,-4.088163647613245,6
-1.4448712972885636,3.5196022523706483,1
0.43080659604772387,2.371787304215163,7
2.923998336797875,2.120478201709512,5
-4.620175840583438,-1.2304108022173454,4
-5.128331674995304,-1.4140666013610061,4
0.23429238957214207,2.8612585067424434,7
5.943310684275713,-1.63134406411954,2
-0.7617130481029982,1.4680844688678794,8
-0.8225905911485849,3.8787295492870144,2
3.6142362366038303,0.02598867429048388,2
2.3971195261848757,3.6511287632505973,5
0.9253279194651718,3.1212860598297696,7
-1.0039273656902976,0.5151456571668486,9
3.3078063276638097,2.1939554260819762,5
-5.032373129044885,-2.8769662449261793,4
-0.895561819351734,1.652588527629173,8
0.3623038265792977,-1.5396086309689645,8
-5.425652175516842,-2.8626717419027803,4
-1.2676758003897037,0.159614825445644,9
-2.9326001470277614,-1.7162017620152865,0
-0.30077588964112284,0.18670253107150497,8
1.1089181069878111,-0.08873378341007505,9
-0.13870538945834768,-1.7138933499593043,8
2.4883307111865562,-2.5369712737872305,1
5.266247419646453,-0.9206518397653249,2
2.231848778622104,-1.2863996950177168,3
-6.702303615122294,-1.6437638093531324,4
1.8453692604320964,0.8979140688816096,5
-1.2967582013400605,-4.088478880913591,6
-1.8980259277394536,3.3910362467312383,7
1.8977873343144978,0.06020851351432078,8
2.6187860814114554,-2.048719989506773,9
-0.7766498995403817,-2.29581956399947,0
3.4450692303121966,-2.6591109436404183,1
5.934430430993364,-2.9987850459102208,2
2.3650419348543563,-0.9390948597347089,3
-8.411869073317805,-1.5628340944237333,4
2.5693666343043255,-1.182489066301389,5
-1.480049228491668,-4.221604609403655,6
0.6729305458631957,2.4741262782803064,7
2.599428324406231,-0.9581992239631963,8
2.6312779708247738,-1.5437334955950897,9
-0.4915349044346758,-1.9900126649359644,0
1.0931224344498556,-2.539105020086479,1
6.104829906162335,-0.7339891695086052,2
3.8637616000146715,-0.7434719753279116,3
-6.502109607618295,0.23265867556001069,4
1.9979464193266994,-2.0948805685289473,5
-0.44509260974188025,-3.8217504183243642,6
-1.2431597693108212,4.3551116263918,7
2.6712120574300484,-1.1631697086155022,8
3.3716059034337764,-0.8082508155559845,9
-1.197351547277567,-2.2417824512991884,0
2.663591352576419,0.42735665509880116,9
2.6845163696157175,-2.0869985035063263,5
1.3795051746896299,0.040273996534014665,5
-1.3045883583348026,-4.525564820100386,6
3.2993694301487704,-1.4124791952539004,5
-0.7271286477314826,-1.7463937463052592,0
1.4519241430465186,-0.5910236793648936,9
2.7185561337496202,-0.668860880788142,8
2.469820376417095,-1.4884517297616653,9
1.0185553985054816,0.21346885932831186,8
-6.021595688131771,0.9601583350195974,4
2.3773777345171165,-3.438710546121204,1
-0.708165142622834,3.0146650605444028,7
-2.057493103957595,5.006502930869358,7
2.7486633438984356,-1.542845097467307,3
4.1328115660169535,-2.9273876726829466,5
2.7154242642815194,-3.5273954550550997,1
6.361179994124512,-0.5182821574406982,2
-0.279769861533619,2.8866288623603737,7
2.701879523718901,-1.0050099950825426,8
4.264604851788167,-1.932756720738177,2
-1.3304900304174359,-2.2252085705519415,0
2.131467816757254,-3.2531006270780276,1
3.9786402520852127,-1.0768535816627505,2
-0.7054252557687147,-4.06965615885577,6
2.9493300880452775,-1.04236555534851,3
2.3636944253777434,-0.6569530516811583,3
-0.9042166288513146,4.596498332201975,7
0.9425997319211812,-1.387873992350963,3
2.162761930077589,-2.6928019639069767,3
-5.217423303416213,0.12919154645672715,4
-1.6939116797866218,-4.135382250459596,6
-1.1168134512822896,-4.385643747502241,6
-0.7257877101384553,-3.918091889080292,6
-6.069042815289144,1.1217952403744298,4
1.9609033990318585,-1.5517214188017998,9
2.4580839829344843,-2.8696318519369504,1
2.020422206366121,-0.2524042871427173,5
0.4083429666670013,-2.0977711538328445,0
2.8302287819732848,-1.4467519599648997,9
1.9975406686185582,-1.1392907700907922,5
4.557999068876511,-1.2075892884428803,2
1.054597450813654,0.5889091930724105,8
4.0409030817544265,-1.5271645152364737,2
-1.0069452414195141,-1.0897973607383704,0
-0.009810326762824024,-3.175002896053291,0
2.5461965119037653,-3.433118899650363,1
-0.32939279094453566,3.8653643911856213,7
-0.7089628141700116,-4.272967977625513,6
-0.47483536719534725,-1.639944139306437,3
6.451063148014265,-0.9582404267878806,2
2.3710011576976315,-2.770205142082694,1
-8.331639536547662,-2.6069607325291058,4
-1.4088403600425101,-4.178315122336854,6
2.781661827666358,-1.1629414644501535,3
2.7589959583748307,-2.9531240336602647,1
0.05989278742796697,-1.537149314959181,3
1.0976325743264868,-1.620957601937096,9
1.5369413775198921,-2.1302589979265707,1
-1.5965906520076671,3.8474182080045516,7
-2.2640091861584213,-3.572914324691745,6
0.3515338741770947,-0.15081355851386544,8
-7.376436131912514,2.6032082334426754,4
2.329918271819497,-0.4749735772376933,3
2.0206630560834844,-3.1075472514237887,1
-6.627235863780834,0.8025938229976606,4
-0.5725716655813688,-1.8182688160964735,0
2.8578602323599234,1.4444499743759676,5
2.5417270340778004,-2.3552709467176074,3
-0.9971437400603385,-4.421970312302113,6
4.0327043713785145,-1.744832043814754,9
-1.873197115508648,-3.8476010707389556,6
2.4824569081908736,-3.1876497737129954,1
-2.258688319602436,6.161763007210778,7
1.5778840561702088,-1.1323066107697108,5
-6.344515689590317,-0.3993886194761048,4
-7.41247505689339,1.5636732334830137,4
-0.13970337669262617,3.874050953821217,7
3.5246122508683153,-0.82778703841563,2
2.8455006971623225,-2.13704585859276,8
3.0120432412650335,-0.9140778312398405,2
6.435488803567885,-0.8118557029015037,2
1.2391810760371302,-2.1063839013833126,5
-0.6164262949288741,3.016268242214122,7
1.4107101465681275,-1.2272363501634584,9
3.8780676448005362,-0.3995837840590766,5
-6.779186962407095,5.948385435794078,4
-6.751907480787198,2.6246257172183514,4
1.876496879678668,-1.0830477764731965,9
0.5410854511623465,-2.022544241227668,0
1.1267110191134846,0.14908538701154792,8
3.5654027399264936,-0.8623414249662956,9
2.467921498826458,-0.2989059734136134,8
-1.855185651015694,-1.4838331154379005,0
-0.7758480845263854,1.9798742383036,1
5.533831626579702,-2.4117399162230058,2
2.8258962636104603,0.3441256243242469,3
-6.074050873826958,3.1099830652422105,4
0.6818835877856594,2.8740605722800656,5
-0.0887852621440232,-4.617216030613945,6
0.2635322244610844,3.673058211274728,7
-0.30804859494638376,1.7050304706039492,8
1.9983872793056774,0.5647986181648649,9
-1.638479705101868,-2.868259813578345,0
-0.27800722993514054,0.43285512318998676,1
2.8992404199759947,-0.8179289954640953,2
3.4258212519057927,-0.529220306447976,3
-8.125112898643506,4.31806749555496,4
1.4927702603925417,3.1103573004296194,5
-1.0266425230832317,-4.694009303967216,6
-0.4217827756942334,3.9908154775818465,7
2.4504457118085154,2.360592458598693,8
1.1956652784579904,-0.4874846187394153,9
-0.529937156818696,-3.569198703800481,0
0.33099294729937045,0.7184035434338271,1
4.241410644830254,-1.1088690631568587,2
3.0668763835025876,0.8987228052558885,3
-5.165712597686097,0.6881944870962873,4
-0.6038438687259772,1.5941804439952596,5
-1.5424765243420284,-4.051980251395679,6
-0.2347843016041968,2.8791368196420897,7
2.632005550193103,-0.4390751802933768,8
1.6278199760746408,-1.001615733926271,9
-0.13755594084875017,-2.760181370007429,0
0.7553384925227186,1.4935653690613524,9
-0.3437118187642631,1.3047215106913297,5
0.4348789985759597,1.1865628329693347,5
-1.6331115964265244,-3.65678534149222,6
-1.1968424142616156,1.6983430381827032,5
-2.058006826564161,-3.5937357744048684,0
2.339640380478817,-1.4148808537724806,9
2.5285716975670063,-0.3879867034654338,8
0.25180334749582695,1.129430358733789,9
0.5632706012927498,0.9493657267243485,8
-9.982559630211531,5.013600346996255,4
0.09530662868592446,0.8797744293553168,1
0.5316333427272959,3.8928996806671314,7
0.18110722552765904,2.4874601470728406,7
2.8142760277243615,1.4467684168899317,3
1.5154694879814312,1.4624827105808096,5
-0.1866212249399095,0.5139554168863324,1
-1.64790278893741,-3.3712266878611485,0
0.6616971110059338,-3.6379550996037437,0
0.4659341941271635,3.7843610328140636,7
2.667473914770177,2.4316606017422333,8
3.5782472723609073,0.5379317066195736,2
-0.797581088179514,-2.8351551467860343,0
-1.286499068715668,-0.410373684783257,1
3.5054044866144034,-0.7570718002316039,2
-0.894302292302036,-3.3805732507686965,6
5.354867362899353,-0.21562385617285493,3
3.109987770658775,2.211908979665402,3
1.078194618275764,4.309451143089261,7
4.655615954268778,-0.4885060280548029,3
4.449973555831599,0.5221553050513505,3
-4.679542342768144,1.3310049237149084,4
-0.17738342522173098,-4.789615218830742,6
-1.2512678205315255,-4.049149336759755,6
-0.5792478910208677,-6.039239088631397,6
-1.3826645275183462,2.5610491899450114,4
0.8069816240268531,-1.2260751176494662,9
0.3309051864327573,1.063230603225422,1
-1.9329424279637861,0.9723918761726779,5
-0.7006562022445691,-1.9533267866916713,0
2.1473568260711766,1.97305558537281,9
1.5440066560276149,2.342164019802371,5
3.323988066633239,-1.0897351530821662,2
2.4424004326058024,0.5464730188171957,8
3.697049275343617,0.8466421397749274,2
-2.324375809830984,-3.4099613218804032,0
-1.3340603843144228,-4.105243315092291,0
0.14345381979502708,0.28692875174761967,1
0.32324225927655753,3.2301180046565494,7
-1.1596918816406445,-5.401396623330331,6
4.193194113571868,-0.1290400830779916,3
5.968411034951136,-1.8639371026787892,2
0.5495372973374623,0.9998755639468568,1
-0.42928348958300167,3.37435535959423,7
-4.49697409945076,1.2636817481258273,4
-0.34348462345528763,-5.546529137404752,6
4.006703192641148,0.7734291359799429,3
0.7779025237942658,1.7914848561223158,1
0.11278858388857804,4.341428561695156,3
1.7004236799681924,-2.1990984530616546,9
-0.1801309671503716,1.1390682807478563,1
-0.4432611696970438,2.5609260919034917,7
-0.636825448783654,-4.132951848993103,6
1.7106534724311437,0.7108676290367797,8
-4.523132942379086,1.4410573958725779,4
3.9415413886279786,0.612254474431174,3
-0.44338736703585035,-0.17274151327889922,1
-4.81710519181701,-0.0054909034911179285,4
-1.3516556863499725,-1.6084255274113803,0
1.9309994728385231,0.623552295590298,5
4.83175448618461,0.7450245163274615,3
-0.8832038196383424,-3.291657416196996,6
1.8255710759529677,0.24054372021499495,9
-1.1213727855714424,-4.529002337186798,6
0.3194455389396665,0.33708929365796386,1
0.2522256725649072,6.449444937374609,7
-1.2517685604648714,-1.048349140773216,5
-5.7218647269075005,-1.2777733260758541,4
-4.847189763046731,1.6224308641420624,4
0.6061317195028697,2.3001223347294033,7
6.1549807380468495,-1.6099081749151039,2
1.4975198198897104,1.7496227842047107,8
2.412040286116681,-1.3139564944125295,2
2.6331497727727036,-1.465446011113149,2
1.2559273543961536,1.5612408221287286,5
0.6608762200935522,5.205830772414757,7
1.9105191633433534,0.6442873110585561,9
-1.6554866287596106,-0.3072677245455103,5
-5.00532658772928,-0.09376013639029136,4
1.811081576087442,-0.2313429697831717,8
1.1341965122252118,2.801669059621967,8
-4.026885312230948,1.4972535168591756,4
0.23384585721775944,-1.172748839465296,9
-1.101855826221927,-3.3720219232489597,0
1.830855678374122,1.0344518323264247,8
1.9710730372018197,1.4451311004847571,9
2.468881544681598,0.33697400782313036,8
-1.1053851652511564,-1.7505290823212447,0
-1.8345180496833309,1.4519096249336203,1
6.058559283852817,-1.3438776886286603,2
4.502317383291233,-0.8644536047945733,3
-4.9428663469345215,-0.1827371903559711,4
0.3261878516342929,-1.4602325222028523,5
0.2675414828735501,-3.921298496293381,6
0.4773952217170967,3.938210474105792,7
3.9533680967615825,-0.2753547267453856,8
1.2261565931701897,-0.9778627580726127,9
-2.2520573175225267,-0.9675675433204771,0
-2.6476109678730118,1.2312104941993238,1
4.68799324173594,-0.6934126053511929,2
2.9729787499340863,1.358249927371266,3
-6.785082338200591,-1.3185451515133595,4
1.8960188401484452,-1.208483675329678,5
-1.5981651153645908,-3.920153803030948,6
-0.7946692017282873,4.563663050994389,7
1.9922192438061042,0.870887603342481,8
1.4563377845276,-3.3600153272333078,9
-1.9820496066143989,-1.4211461254556061,0
-0.2795790001600468,0.28331155416582854,1
4.735374974803162,1.635448579913136,2
3.322323359627241,0.335414198340538,3
-4.188056811788804,-0.8348007177284955,4
4.357165085818694,2.7306130015041905,5
-1.1760759517259913,-4.430794549443221,6
-2.023766294274306,6.076020951443101,7
2.4524621024386275,2.429283014782698,8
0.1765903061107809,-0.4852752803386027,9
-0.716725684670922,0.11886169372861653,0
1.9290535311653378,-0.1466976828613482,9
0.9487465773553154,0.7986816512810659,5
2.9024880235719777,3.609398308607412,5
-0.6086687642169294,-5.922140125754203,6
4.044556014240788,3.375062577833641,5
-2.5821600204279482,-0.6327501924249004,0
0.760948876664772,0.4003629416018949,9
2.564491417648843,1.8106679935538048,8
2.5858484462143774,-0.5771212355952057,9
1.0481681350715109,2.2632844319165626,8
-6.6928849862759305,-1.2487012982252896,4
0.4437096186740874,1.2496198154303733,1
0.7014079721356973,3.2456959473000597,7
0.849412598866728,4.295923445582609,7
2.997282270106839,5.5689458721511285,3
-1.9535823450334047,-0.5195432919428363,5
-1.1319218517434868,1.2849892040106206,1
-0.7822944332968239,-0.7111822650757594,0
-2.011847825572211,-0.29421678362216075,0
5.033244140888252,0.4196278400252379,2
4.119295654245142,0.27467517609698855,2
0.11506923304644534,3.516497474564656,7
1.5257649743586288,1.9466793614066271,8
6.432204860336818,-0.8584136138886591,2
-1.0971903751034575,-0.4877252546131229,0
0.3211657449251711,1.2669824013916053,1
5.824947268126894,-0.19763286018612708,2
-1.1056676317057526,-5.09294435394822,6
3.098070447270805,0.8228270292828568,3
3.4239107398520554,2.265559889249165,3
-0.20887514735927284,3.608833119306129,7
2.5575882508383576,2.994247220617904,3
3.404574512117799,2.2846079025918424,3
-5.779945044631798,-2.8881191464608786,4
-1.0650056879687793,-4.2253763372838895,6
-0.9932861303539032,-4.607839830232777,6
-0.9436748587225988,-4.461838981213407,6
-6.353072302786852,-0.04684038624370191,4
1.0341884562622432,-0.8477890733779979,9
0.6567657404315069,-0.034446106991894744,1
0.00022127734709736742,1.4914570745880276,5
-2.1292266225158456,-0.02695883900099478,0
0.2761968451271502,1.3494225161718811,9
1.534142009742935,-0.2279549776778658,5
5.995075460426854,0.49732097918122287,2
3.2817689905068907,3.1509855442074204,8
3.7080478620311434,1.0170912855208984,2
-0.9704719193359737,0.4916152752328111,0
-1.3886877182673862,0.035005134237993715,0
0.6232466737097069,1.38324978698203,1
1.318241486473055,3.3184547604646957,7
-1.3723484327439164,-3.301893524924697,6
4.188660567896857,3.7971869235192353,3
4.794813623180783,0.6665824052725237,2
0.5472015910600416,1.693264599289174,1
0.8508642207187036,2.428444082948818,7
-5.514322602461695,-0.6282711212349772,4
-1.2578183919550299,-3.9431691054980544,6
2.353880714845613,1.9502023118519038,3
0.2522382351887011,0.8569130719320034,1
5.102933590006273,-0.8301525112766259,3
2.2182224034800297,0.6070809236299093,9
-0.0033903359212647008,0.28822584990011946,1
0.9807793958731736,2.7657860543774557,7
-1.0232233500470196,-4.450097544279115,6
2.3150177694607574,2.0720705471754726,8
-5.638131450959197,-1.005514477745498,4
3.2134508738398377,0.29620397487741457,3
0.0014706355130977536,-0.8708734697126399,1
-5.945272796879259,-1.4304182280051776,4
-1.2001145417713959,-1.9959311567320748,0
4.982281522170175,2.6206206604254136,5
5.039933206490298,4.1319528256221245,3
-1.0757906965747541,-3.836340505078961,6
2.2436998528678265,1.3198833727643307,9
-1.0124091246712033,-5.801432162306636,6
0.41982306153585663,-1.5972346828227186,1
1.217001923879339,3.599555362549262,7
2.237078006885896,1.2185032598420988,5
-5.586497933454086,-0.6267905287779468,4
-7.29526177075332,-0.6283168246305113,4
-1.530132033062351,5.648995653712278,7
4.880730718012541,-1.655621585166864,2
4.096705078508582,-0.8023934483413262,8
5.625551752561008,-0.3510787015530344,2
6.997253295778588,0.6976479502118181,2
2.3596829068797778,0.5935951639967595,5
-0.3791838262889092,6.637498191457413,7
1.8534677197126888,1.292913379929234,9
5.574496114109625,2.851500527716944,5
-5.785448730986098,-1.9710961110122731,4
1.701402041049043,1.5595451552349011,8
1.9389572939370134,1.6954223949367124,8
-2.8582224018179883,-0.31572253853003324,4
1.7738492350358115,-0.241234681583972,9
-1.1709066063351818,1.1873207282815557,0
1.8504239581056205,2.5810877896120905,8
0.6365685661067172,1.3363585195039427,9
2.1963771145048265,0.8957882646833716,8
-1.1583279809249942,-3.2900074039063645,0
-2.209945718178133,1.2300103716690387,1
1.8468891113793708,0.4169789315312458,2
6.0426406145762925,1.9249451948260228,3
-4.415906308840118,-2.3918025710755937,4
0.9993044443015149,-0.8518105873043099,5
-0.43384662256607603,-4.475186701453909,6
2.625154103909902,2.9202089602010046,7
0.9610687580551227,0.6008209847458439,8
2.80384991235248,-2.0524471492569454,9
-2.74569162077467,-2.4342082818285444,0
-0.647691064821781,0.7612597717638847,1
2.3328127923794155,-2.0205577510982784,2
2.187031417209052,1.644041680800302,3
-4.211787592372151,-3.0653077886237434,4
4.144961883172368,1.6787195435221953,5
0.10022714490091347,-4.416552151443986,6
0.23313854571121648,4.097586295276394,7
3.006492553422076,0.5597856286046832,8
2.2506063353252594,-0.30808790640181427,9
-2.024419761282561,-3.4591653674475413,0
-2.687949766598781,1.2053853261437526,1
1.4277859284080303,1.0354087076387304,2
4.590190079656389,-1.002373402048145,3
-3.129070810739405,-1.574988442074109,4
-0.4767166181308284,0.26856567776502266,5
-0.046452798397730546,-6.423439919589011,6
1.0754629999487804,4.384414827872402,7
-0.09175364539366644,2.151770225862526,8
2.0124573046089047,0.25475209428334256,9
-0.9899839960350483,-3.739047108908472,0
1.11970101447825,0.021629619206216092,9
2.509667270194791,0.18647124427323267,5
0.4443233161233776,-0.5160507587356735,5
-0.22446781940036908,-5.870058272562233,6
1.689809962668026,1.746827628460596,5
-2.184929994264091,-0.9041310019543665,0
0.6527100306495818,-0.7549174116890989,9
0.5416119091641469,1.953014079733106,8
0.7119071222195087,-0.05747750362000476,9
0.31433758545114293,0.9389071039726448,8
-5.182546460731758,-2.074079390790857,4
0.03177752187704454,0.6935996248840076,1
0.16868990536470413,3.7886034928894645,7
1.4837952444247948,3.4811221735519413,7
3.5150277146371263,-0.6180489912585003,3
1.198495039752217,0.26429040575299123,5
0.5794636655682863,1.0767188463664015,1
-2.5900632212486565,-2.9160565956508098,0
-2.6133193099331358,-2.5835485441461024,0
2.686594775745424,1.2102907820653603,2
1.468963849741434,0.1923972837656767,2
1.2506711565758706,3.7510445338303673,7
1.586065634549182,1.1840539851334064,8
2.1320097503150492,-0.8191765309326527,2
-1.4839023029845007,-1.6642787989981158,0
-2.8484558999546965,0.7398047957586978,1
2.3957893345776884,0.17410046062304516,2
-1.3776417861079702,-3.6798344800306717,6
2.3240098493523678,1.0513617114379488,3
1.9611160554162714,0.7875397430770948,3
0.3717326001790929,3.3568239280672025,7
3.0474376562375576,-0.16619052593619368,3
3.329522338887448,-0.9367813528051586,3
-4.560654155445237,-2.3719032353625225,4
-0.9849447073134568,-3.154163863256153,6
-1.2947492500934734,-3.4414076983201216,6
-1.0189828077418797,-3.742828635608724,6
-5.838939881434386,-1.2912774880543691,4
0.24272396166460175,-0.7050604302101245,9
0.6593400693461345,1.1069521070433965,1
0.03525032053471849,-1.9042973159916508,5
-2.1169011279147183,-1.27907117108325,0
1.9480968671869212,-0.15874209981159662,9
-0.8871347953206844,-1.2760810534650773,5
5.056971880054666,0.06898982690001298,2
0.5879556364322958,-0.37014260178003194,8
0.8504914975302567,-0.7229072898890869,2
-1.0808845558344085,-1.5470348903808377,0
-0.8063205174464366,-2.7088762262408657,0
-2.1865016426607675,1.027682501620019,1
1.483161439596429,4.056970557578131,7
-1.2591097249882286,-2.4040463685202957,6
3.728396006835083,-0.07017145115239971,3
3.190220309807687,-1.0572220354347428,2
0.4651811102513803,0.8495388221169919,1
1.822704791992393,1.8278841434631437,7
-5.41024147430454,-1.253314910171778,4
-0.36270415014986845,-6.675308515813578,6
3.557000568762808,2.1181892492092795,3
0.5899070039138852,1.5930751772909086,1
4.189318128807154,-0.6173364219285581,3
1.7338387336872731,-1.1738465706665986,9
0.6146228727699645,0.30132792855350415,1
-0.35614403429538816,3.1070251383409375,7
-0.6004486906437757,-3.051890057743431,6
1.805975010710107,1.721235045128981,8
-4.606418892743551,-2.2760759006312785,4
2.4187705115410787,-0.7573550819257032,3
0.3851104536265902,0.42841718825334635,1
-5.387866919767146,-0.6240825876439376,4
-1.780069812169584,-2.656783252101631,0
-0.4228893060227247,0.11384536777462294,5
4.4574243268269225,-0.2795914660165224,3
-0.9583163732261054,-3.034833687882317,6
0.850149483234282,1.2045392635830778,9
-1.210078279996352,-4.442082432317312,6
0.09169970087336254,0.12341356471792429,1
1.4123921027565642,2.2173236538810457,7
1.180724445546179,1.2253739814158295,5
-5.556420765283366,-2.731479575298144,4
-5.614186474699921,-2.5891073394883386,4
-1.0922567768002884,4.243368367130357,7
2.7425646688264576,-0.606996130751631,2
1.626071807497685,1.4142230280568655,8
3.3519620158266346,-0.6977323269637938,2
3.979405774537293,-0.6508907467884952,2
0.02183629935382652,-1.9113737951242529,5
0.017661491710234983,3.737097635918193,7
1.5523163634598107,1.4530162256283317,9
2.5879393222769553,2.0459738455154572,5
-5.5516352986804085,-2.104481675176362,4
0.6102604725791082,1.3050920867529348,8
1.2217261182819943,0.5126472896608061,8
-6.14602175078048,-1.581363340009215,4
-0.5245825020738852,1.0775733588423124,9
-2.4636999426003054,-1.6020319775423006,0
1.248741162268599,1.8844525053245298,8
-0.5589079091167365,-1.58817528162248,0
-1.3679456640459284,1.3814277400081962,1
4.4867949693140226,-1.9914500708800136,2
2.7845158770183467,-0.8356024918594175,3
-3.22951328034413,-1.445148601683315,4
1.7044630139862307,1.1997054674085827,5
-1.1244930943123144,-4.193126875577365,6
-2.3450763669609014,3.9855760595758287,7
1.2161393555961673,0.41104789833363653,8
1.8933161709945259,0.29465608746205396,9
-0.6526068447219702,-1.7612764194906663,0
-1.7524960462409638,1.049280926643529,1
5.451155579966957,-1.9652368496817645,2
3.3220624898528675,-1.1256104792725634,3
-4.509031032350443,-1.646177997862835,4
1.412827856761495,-0.8697819901483159,5
-0.9392907737688873,-4.325595616825959,6
-2.886774654680549,5.299853246650969,7
0.4584174802888564,0.9062932232827728,8
1.575479805275592,0.47510802634204885,9
-1.4912992286418372,-1.5747316303423249,0
-1.9512497758790113,1.234444759856285,1
6.975122998741688,-1.670358200018452,2
3.853770242170674,-0.4080850719624064,3
-4.811622786948921,-0.9371251947832984,4
2.2303363235822755,-2.2773781763592287,5
-0.8723498645724367,-4.467648067585669,6
-1.8842928708638613,4.812771273016763,7
1.309303600747816,-0.5176734802409945,8
2.507676898655564,-0.36538958856660747,9
-1.0873975200829074,-2.7015449623156114,0
3.4826123505036666,-0.385277957652479,9
1.7014031338019904,-0.4387088019134668,5
2.8662659406192357,0.1633638735914411,5
-1.6101547869203794,-3.261602156597775,6
0.08062156747618646,0.06457342962558822,5
-1.2463609419629313,-2.672902343512092,0
1.2333972791438133,0.3048527572034132,9
-0.3986030224931053,0.8768075629880481,8
3.4217364264104524,-0.6389548485845017,9
-0.23594728260716963,1.079308570204642,8
-5.9716056146235035,-0.7076586028083875,4
-2.817168032732928,0.8624264908963453,1
-0.7045273675654196,3.9340651698600455,7
-1.7136831312505882,1.9046312150411426,7
3.1706829382123534,-0.18087250527929913,3
2.134928980392659,-0.6790738720911041,5
-2.314852146294478,1.04391072747037,1
-1.6335882017898282,-2.291274511469751,0
-0.9026350646832934,-2.183154417317389,0
5.96271879287997,0.2806440597559645,2
4.716419188914504,-0.8011974943153837,2
-4.105356224436547,6.307828585032219,7
-2.666777642105039,0.9276385221755696,8
6.674739842706898,0.003736902033595992,2
-0.6080575028868116,-3.5566015839054166,0
-1.2880764809654157,-0.0557365111492383,1
5.170558740719033,-0.5361946648150991,2
-1.6614982408770147,-4.814325539100434,6
4.4675779071867865,-1.3086525132132083,3
3.282510538398017,-1.6335253567690649,3
-1.2646076957361672,4.657518240570223,7
4.079337270229179,-0.49348677703523336,3
3.863517742831588,0.12795491283382526,3
-4.145494439018255,-1.5690992354589803,4
-1.257925056876808,-4.182068217103504,6
-0.9320954653324194,-4.371603242294401,6
-1.148795239964304,-5.111615472645916,6
-5.186873718373369,-0.8037826303335687,4
2.7205108971498784,-1.0935771513034893,9
-1.8745349254713848,0.5582079561287112,1
0.12345926517226175,-0.5164515852793466,5
-1.0905591077900239,-2.4156189488241973,0
4.342776369183657,0.012472764718610934,9
0.5360282866587895,-0.39526345782666467,5
5.885481497068103,-0.7324641355064037,2
-0.4397944709420685,1.495097287523418,8
6.664669953218743,-0.6462158804490417,2
-0.6810101516152675,-3.5104539296565114,0
-1.7902965955108587,-1.7468273014111173,0
-2.4040289594382176,0.8793179391898645,1
-1.0210823331305592,3.3703155441515524,7
-2.153594611102015,-4.192800996906428,6
3.4683613997156497,-0.4618139958327767,3
6.130465877754801,-1.6019656710280736,2
-1.3665497373442541,1.6281758956793013,1
-0.629540548418204,3.2115703893314453,7
-5.052054905818358,-1.4710228664320595,4
-1.300579704492948,-4.512047552273308,6
3.3388714672971274,0.23138143515386322,3
-1.8727338793625932,0.9223115648718578,1
3.533766770038457,-0.34824440228317705,3
0.8702746291108922,0.1948246270368462,9
-1.6604773383116684,1.273337933756538,1
-1.1816456533973223,3.711006325990032,7
-1.2356885393981778,-4.420831232876888,6
-0.6046196200100772,2.282051208449671,8
-5.186409834045634,-0.826269777804203,4
2.444943724258054,-0.8146868057430693,3
-2.600175649787108,0.9689353262430827,1
-4.3184436635973285,-0.9735231537924716,4
-0.963278679019131,-3.067832479346907,0
1.6084248969304504,0.19680103436801527,5
3.688825647264191,-0.029337135753296224,3
-1.7999212920232806,-4.4109703140219585,6
3.922426505423853,-0.6432744462151065,9
-1.8256976808049783,-4.330890157334532,6
-2.0495140507423746,2.479427340916286,1
-1.6827575445094531,3.752880804481056,7
1.5989545433020806,-1.1900410363428167,5
-5.3185875632927795,-1.6209467434743463,4
-3.4094867479698308,-0.12472318389763068,4
-2.0221339377328063,4.649615650318093,7
6.604440092244463,-0.6325870474909425,2
-1.4731166602906225,1.886098164354998,8
4.344095182726863,0.8252232856445001,2
4.9725009190113045,-0.31275968040257257,2
0.9552049607076758,-0.8943750178563022,5
-2.0025563122821177,4.052218769220942,7
2.2961768527790447,-0.19710798959487688,9
1.746500426830128,1.086602570604913,5
-4.6850625924141,-1.5868269405758513,4
-1.5116301538280654,1.7083884884028435,8
-0.050255469372168154,2.293631401346483,8
-4.990397786991444,-0.6512598573833369,4
0.14539222859853246,2.4379312873705943,9
-1.3444669216534666,-1.586600396715651,0
-2.088142301363471,3.462862639002334,8
0.9198648929441144,1.537305698265604,9
-0.5354286788889878,1.199203526712941,8
-2.6340270933191676,-2.396363276366958,0
-0.6059265541864595,1.4136716677749737,1
2.1959459297170554,-1.4481421076787884,2
1.5306768768960206,1.4163214042477192,3
-3.78157380403886,-0.2209096089783484,4
1.3217494741825049,1.0249303716676537,5
-1.0220672487136924,-1.838889391641263,6
3.6272201593332447,2.3588323857863203,7
-1.547209367724884,-0.18784864835239004,8
-3.1917457015366653,2.2899012623983865,9
-1.9784674622591785,-2.542311916494316,0
0.48454355555682227,0.5601382160603358,1
0.3840782229980234,-0.8337907839028085,2
0.9830437162985168,3.0006150257016113,3
-3.664964297671294,-0.21019001360433096,4
-0.3316556768825262,0.3655776279454658,5
-1.8108959922528325,-2.411271076527685,6
-2.5861263019996357,5.168308573634565,9
-1.6728725542533425,-1.716949197318115,0
-1.0151953489608816,-0.41845832427404217,1
1.4797240038962864,-0.40363160916034796,2
3.5484272737480627,1.8432745284593017,3
-3.0677805157209708,-0.3424714802251187,4
1.1646496767138532,1.5845443566907913,5
-1.951734817682982,-1.4258954998720894,6
1.5664725386494622,2.8741092205198813,7
0.2372581646785875,0.6352387072243545,8
-5.5156781457656665,8.752618939266872,9
-2.854880686112343,-0.5417761977837618,0
-3.63009779027433,5.005656395168989,9
2.219505930720426,2.1355583861778755,5
5.11124772757065,2.7759429632803223,5
-0.9731484356707846,-3.965434011883199,6
-0.24828866549420697,1.1470572994816342,5
-1.4344855026352505,-2.7764496820923075,0
-1.4457327668362028,3.6025293342710483,9
-3.0823185889310305,1.1216843822871259,8
1.9389440120202386,3.3145576074765826,9
-1.177886848868233,-0.23015046487186355,8
-4.636651958602443,-0.5531202333442649,4
0.1406280983108789,1.1585064543532242,1
-0.1420307198626405,2.8191709013860793,7
2.1688388133011847,1.998906455869236,7
3.551314670877605,3.9364011085580866,3
3.558438606482466,1.1309463077530906,5
0.0319858176540147,0.9459246010092728,1
-2.1256389792520594,-2.0309140284874303,0
-0.917733761158193,-0.3527920876255515,0
0.6307555611505242,-1.4541698867600994,2
6.600147012185673,-0.5193623377625829,2
0.3280942343042846,0.6027084300337535,7
0.5283603435788461,0.7847538379637493,8
0.2385635952578726,-0.6415118708175666,2
-2.32232317125757,-2.990539208149163,0
-1.1040933416973016,0.5825895965219267,1
4.900954090252864,-1.7042549328299852,2
-1.5545032920206527,-2.893344599851599,6
3.254353318358991,2.744177577718482,3
3.298853129400145,4.190391744890411,3
3.3044761733830375,2.438247790076209,7
1.4365066851658446,3.0956856193532762,3
2.3915986991078433,2.549648190991924,3
-2.434829624942083,0.6056888111514901,4
-1.9040560030472051,-3.576632001990061,6
-2.216346031264732,-2.2246100890735794,6
-1.776607747644411,-3.2892837226725824,6
2.121426614380046,1.857303667181208,4
-2.701278417116078,3.5685255964910536,9
-0.3748699702355847,0.34411245872910845,1
1.8968614695813637,1.7308204398496245,5
-3.289199386089161,-2.4377347725416776,0
0.9767791945121409,-1.340495389147459,9
-0.3714528411251632,0.08169264881449383,5
1.6542630681846042,-1.747390536444745,2
-1.0537721521475574,1.0409011769630214,8
-2.278985671116421,-3.082756441348737,0
-0.10231830818671835,0.5453072451991814,1
-0.219776888889073,2.3664349303112875,7
-1.756306561087574,-3.3600874624952843,6
3.42869792698465,2.5203230233102603,3
5.146153203035447,-1.0077509740984598,2
0.15793618006020566,1.1678641831921646,1
2.076420620479301,0.6524821837253031,7
1.0781718401593159,1.6707042674472878,4
-1.4403452235537992,-2.2806009449537408,6
1.4118724076788258,1.0832368213211443,3
-0.1393506452390795,1.0668567555491737,1
2.0214749225876822,1.1128175196582821,3
-1.150861228003779,3.547870900590285,9
0.03496632752790878,0.9992728504229981,1
3.8215617165379645,3.142044131387125,7
-1.707767135599278,-3.9798028208628544,6
-1.9765321192127279,0.3985568306185908,8
-4.665115588747157,-1.5479397847366485,4
2.3750849434641585,1.4917056161625564,3
0.09488164817183381,1.441126903894198,1
-4.078899910392451,-0.5076145119674852,4
-3.23349352572173,-1.8747215937881683,0
1.8122669174581858,0.7406473372907333,5
2.153469286380929,0.7785301722204236,3
-1.7846732068464315,-1.4293422504891917,6
1.1161883861547897,-1.1107088699397956,9
-1.6348792340139322,-1.5029668925602377,6
-0.03561717906554444,1.325320852963525,1
-1.8050029105264442,2.4581224227450442,7
1.7821523297535187,1.6954939746725248,5
-4.147400482748495,-0.5525440208087413,4
-2.205972331208858,0.5579703714241767,4
-0.2181280297924845,1.9434406012846819,7
2.9328065959333522,-3.102877016583366,2
2.150915987903114,0.7431247309951602,2
-0.2857573739635467,0.30842273420600413,5
3.483846574360625,2.2709455478490046,7
1.4927656091885215,0.295302897244444,9
0.3477293522494636,0.7106785610141781,5
2.331898387455873,1.8701407514346273,4
-4.826435689159948,-0.37517923524686975,4
2.2429488215222504,2.0164417026726213,9
-2.183657110184741,-1.0753718280510411,0
-1.2048856274210846,0.9771512213590955,8
-0.7014791894668141,3.8537214064676957,9
-1.926175785639967,2.125078668380825,8
-0.7954819507159738,-2.473441239609666,0
0.2358488259697001,-0.7299958373864462,1
4.718578909949674,-0.7833165843877762,2
1.8418828766810118,-0.6086430783596104,3
-3.8671908712877427,0.16762337214311332,4
0.08892074655631393,0.6924696196634449,5
-1.208710460700498,-4.338652600968235,6
-0.2530395122631933,4.610703437650024,7
2.2056574056589455,0.8601725758999296,8
2.708570027684391,-0.6731007286103401,9
-0.7472249537776017,-2.770183484249663,0
-2.053424099630623,1.087345189417614,1
1.9432940045374936,-0.5901075266239223,2
2.102646813777899,1.7108320748943882,3
-5.4148431176537875,-0.8599187832572286,4
-0.6865782125006438,0.6048464251074599,5
-1.4473709379025181,-3.8150233228635364,6
-3.0244681502567694,3.449436421463645,7
2.824294140570416,0.5601855871622435,8
1.7234955683370845,0.22105109333255318,9
-1.2296489460281776,-3.091803416337454,0
0.13906571840346094,-0.8019960082807884,1
2.5781451305512872,0.5833082878139728,2
3.4501978727932645,0.22315901615124384,3
-5.550905705572798,-0.62629393579619,4
-2.362975314019891,-0.0902542498299811,5
-2.1041385823134027,-4.304039450931134,6
-0.8108974831827813,4.486682242394292,7
1.7303931884970556,-0.37604470065796836,8
1.4014714910849357,-0.8428380555255386,9
-1.2225166274838013,-2.2553947249997477,0
0.758361252827136,0.10472631440204784,9
-0.14645218398083842,0.11736252339193486,5
-1.2550990349345348,1.684676564730721,5
-0.7323854599407245,-4.623879262669688,6
0.6852709319609386,1.4983662581781494,5
-2.9188395213692924,-2.2521300347274003,0
1.974100973747951,0.9936250780072836,9
0.7569778223764846,-1.300223794710535,8
1.715585242520123,0.8060221699790291,9
2.6535932608215402,0.9514928608200836,8
-7.370418212706586,3.149889257426957,4
0.004561228135186338,-0.41463521849442575,1
-2.366969756708493,4.583402777438267,7
-2.5848163370923087,5.204655513191912,7
0.18575301404730807,5.46491533834844,3
-0.9894708310192175,1.0018621417646647,5
-0.5693722739442324,0.7560598572469919,1
-1.3162233088577602,-1.975013319135875,0
-1.8563608581910187,-2.133810338719076,0
3.6833219791637717,-2.569069067549912,2
6.947379725895231,-0.7543124910158792,2
-0.9668921077818655,2.2418458945543156,7
1.7313308801953615,2.2571209518424316,8
5.510214724583555,-1.4739937780352084,2
-1.7840683195849858,-1.3298874346620795,0
0.27486945220926384,0.3559779313501546,1
4.476024717194032,-2.6307155538771414,2
-1.9584368318891276,-3.7579019891558105,6
1.1319639640064365,2.503393272747044,3
0.4686805068350489,3.5762737692913986,3
-1.324975212856471,1.4914946469942645,7
-0.42777656240421985,-2.018433856434376,3
1.2815125216676426,3.390746489709547,3
-6.9737977896405745,1.274170824340433,4
-1.1743169184145688,-3.2917346964240544,6
-0.782329613611832,-4.08358810610193,6
-0.9133327132667638,-4.688347190930733,6
-5.9835458912739234,-1.0359000526351947,4
2.4043912362843347,-1.075340056978769,9
0.027387581622927745,0.9280502050317117,1
-0.5695443628848535,1.10646441967799,5
-1.411204899291596,-1.7469596656217774,0
2.0500231903699713,-0.46230941232449285,9
-1.928862618167586,-0.6388986889939899,5
5.311599689117157,1.2874776325348842,2
0.501442458409226,-0.5852237175963161,8
4.992790426401051,0.49958199811827647,2
-1.374936103020014,-1.4787214437419451,0
-0.3552523966719228,-2.3191246953837066,0
-1.0892461142439345,0.3125680551029778,1
-1.6817124956504461,0.3912508775622369,7
-1.8686380743795654,-4.139730442370899,6
1.3983667172746699,4.1860931766876925,3
2.779070350975518,0.21860468892411297,2
-0.5667564712164538,1.951013124917073,1
-2.025691780178241,1.046697273287448,7
-6.73291752003745,-1.3498706191571457,4
-1.93290122197607,-3.7230465225090943,6
1.9524145192993985,2.863193957470224,3
0.15801307958723979,1.9038684690549186,1
1.8436617632352028,-0.455161702834413,3
1.408328227997721,0.282941510242997,9
-0.9789665461034228,-0.34966117242548783,1
-0.7725804492987415,3.74918740247634,7
-1.0496913116058206,-4.4083769417463285,6
0.8120003924947464,1.4514464645604748,8
-6.4602078056538765,-2.2237776364709627,4
1.4074988537531257,0.4697764966798846,3
-1.2561622437262425,0.46896067197334285,1
-4.958572518882174,-1.1596369476903878,4
-1.0090339909688866,-3.325935394907916,0
0.5428397870789058,-0.4929832295450043,5
3.3146555259124817,1.5105680741548204,3
-2.1282136627990136,-2.8223653100918846,6
1.8140299701139744,1.1979990974218617,9
-1.3746784226331537,-4.417769292308887,6
-0.7629526597319314,0.6433988449393582,1
0.43304500986575856,3.2160176931234603,7
0.5258671944386749,-1.1546422558868201,5
-5.1066819242146835,-0.28914199489358106,4
-5.900097886108133,-1.7102397850221913,4
-1.5971391385041636,4.67642684066906,7
5.137834213366109,-0.19104927604231642,2
1.4160981985297776,-1.0314849580231273,8
4.272989084912264,-1.3558401370386022,2
3.136887079261515,-1.4116996952777092,2
-1.5685436550628038,-0.4386034203893219,5
-0.058276576543769915,1.9781372436607283,7
0.7114544384277163,0.25334593057419497,9
0.1847254682613321,-1.2237387168890452,5
-6.2738769695960155,-1.837110219787562,4
1.2204104629638695,1.3099162136658333,8
0.4613522952352961,1.5511381026710689,8
-6.459099212355865,-1.354909769440164,4
-0.10433058348905946,0.25502411269854486,9
-2.4232343622356565,-1.4296105017043867,0
-1.0225959907915214,-0.1479108696272666,8
-1.076055217877048,-0.3809062539727811,9
1.25770233318458,-2.2275908760933203,8
